INSERT INTO `users` (`id`, `name`, `nickname`, `pass`, `hash_pass`, `email`, `phone`, `created_at`, `isBanned`, `VIP`, `phone_approved`, `mail_approved`) VALUES ('21', 'Heath', 'Cormier', 'et', 'ddbcf4fac71f91a464e60de4b489d4e1f39a5b6a', 'madelyn.mertz@example.org', '0', '1975-07-23 14:47:21', 0, 1, 1, 0);
INSERT INTO `users` (`id`, `name`, `nickname`, `pass`, `hash_pass`, `email`, `phone`, `created_at`, `isBanned`, `VIP`, `phone_approved`, `mail_approved`) VALUES ('22', 'Dagmar', 'Swift', 'nam', '13eca2f2de1c0f4d8f8439452f2d346a99b4fdb3', 'ncole@example.net', '248214', '2017-04-15 02:04:23', 1, 1, 1, 0);
INSERT INTO `users` (`id`, `name`, `nickname`, `pass`, `hash_pass`, `email`, `phone`, `created_at`, `isBanned`, `VIP`, `phone_approved`, `mail_approved`) VALUES ('23', 'Hubert', 'McCullough', 'voluptate', 'bafc67c1e55fcc901a500d0edd9823cb97cdc1f1', 'orice@example.org', '6399725666', '1982-03-04 12:43:15', 0, 1, 0, 1);
INSERT INTO `users` (`id`, `name`, `nickname`, `pass`, `hash_pass`, `email`, `phone`, `created_at`, `isBanned`, `VIP`, `phone_approved`, `mail_approved`) VALUES ('24', 'Eleanora', 'Langworth', 'est', '1e5d48417be5956855c9db7caa3a625571d124a8', 'alisha09@example.com', '84', '2013-12-27 06:29:23', 0, 0, 1, 0);
INSERT INTO `users` (`id`, `name`, `nickname`, `pass`, `hash_pass`, `email`, `phone`, `created_at`, `isBanned`, `VIP`, `phone_approved`, `mail_approved`) VALUES ('25', 'Cristian', 'Bogan', 'doloremque', 'b5b4d9de3386b76ca4c2e6cae2d1837361fde5ff', 'welch.kristy@example.com', '504', '1984-11-18 04:02:18', 1, 0, 1, 0);
INSERT INTO `users` (`id`, `name`, `nickname`, `pass`, `hash_pass`, `email`, `phone`, `created_at`, `isBanned`, `VIP`, `phone_approved`, `mail_approved`) VALUES ('26', 'Brionna', 'Kshlerin', 'qui', '42ee0407f0942d3cf8c269b31428a8031a1f4349', 'izboncak@example.net', '2', '2018-08-27 23:40:35', 0, 0, 1, 0);
INSERT INTO `users` (`id`, `name`, `nickname`, `pass`, `hash_pass`, `email`, `phone`, `created_at`, `isBanned`, `VIP`, `phone_approved`, `mail_approved`) VALUES ('28', 'Alivia', 'Crist', 'voluptas', 'ee3030413fe80478a22564481dedd615b5868799', 'jeramy16@example.org', '99', '1986-03-09 07:16:38', 0, 0, 0, 0);
INSERT INTO `users` (`id`, `name`, `nickname`, `pass`, `hash_pass`, `email`, `phone`, `created_at`, `isBanned`, `VIP`, `phone_approved`, `mail_approved`) VALUES ('29', 'Robyn', 'Mante', 'et', '0d0fd7a9fa4117c1dfde4f63e52fcdb8a3081a2a', 'braxton10@example.net', '90381', '1975-08-31 02:28:22', 1, 0, 1, 1);
INSERT INTO `users` (`id`, `name`, `nickname`, `pass`, `hash_pass`, `email`, `phone`, `created_at`, `isBanned`, `VIP`, `phone_approved`, `mail_approved`) VALUES ('32', 'Jaron', 'Jacobi', 'est', '9401470a1155915cbf046896994d8039afdd6f05', 'otho37@example.org', '27', '2001-03-14 07:08:49', 0, 0, 1, 0);
INSERT INTO `users` (`id`, `name`, `nickname`, `pass`, `hash_pass`, `email`, `phone`, `created_at`, `isBanned`, `VIP`, `phone_approved`, `mail_approved`) VALUES ('33', 'Haven', 'Jacobs', 'sit', 'ce5b900170640adb1aff4b6a5e0c24e725de759b', 'ryder.adams@example.org', '420', '1974-01-19 23:36:55', 1, 1, 1, 0);
INSERT INTO `users` (`id`, `name`, `nickname`, `pass`, `hash_pass`, `email`, `phone`, `created_at`, `isBanned`, `VIP`, `phone_approved`, `mail_approved`) VALUES ('34', 'Bennie', 'Hickle', 'sunt', 'bfd1aafcd3d1a35832f0fc6ea06bc2f51db32e51', 'corwin.leilani@example.com', '719592', '2006-04-06 19:02:37', 0, 0, 1, 1);
INSERT INTO `users` (`id`, `name`, `nickname`, `pass`, `hash_pass`, `email`, `phone`, `created_at`, `isBanned`, `VIP`, `phone_approved`, `mail_approved`) VALUES ('35', 'Trevor', 'Walsh', 'libero', '13033ab62a54fa78676c362bfdcca23d2d821f5e', 'hkozey@example.com', '7143094135', '2011-05-27 16:22:25', 1, 0, 0, 1);
INSERT INTO `users` (`id`, `name`, `nickname`, `pass`, `hash_pass`, `email`, `phone`, `created_at`, `isBanned`, `VIP`, `phone_approved`, `mail_approved`) VALUES ('36', 'Marcelino', 'Satterfield', 'minima', '20186c988027f10fa41a15ff0f928b42006afe97', 'katlyn02@example.net', '292667', '1975-05-12 16:56:28', 1, 0, 1, 0);
INSERT INTO `users` (`id`, `name`, `nickname`, `pass`, `hash_pass`, `email`, `phone`, `created_at`, `isBanned`, `VIP`, `phone_approved`, `mail_approved`) VALUES ('39', 'Tate', 'Swaniawski', 'a', '26f4017a73c37c64be37b619e10624bc8bfd2afc', 'garmstrong@example.net', '467187', '1987-09-29 01:34:47', 1, 0, 0, 0);
INSERT INTO `users` (`id`, `name`, `nickname`, `pass`, `hash_pass`, `email`, `phone`, `created_at`, `isBanned`, `VIP`, `phone_approved`, `mail_approved`) VALUES ('40', 'Francesco', 'Lakin', 'cum', '26a294d93d32ba49e9ae424962cc40b84913df6d', 'bergnaum.damion@example.net', '1', '1975-10-03 01:09:02', 0, 1, 1, 1);

INSERT INTO `maps` (`id`, `name`, `official_compitition`, `created_at`, `updated_at`) VALUES ('1', 'Dust', 1, '2020-11-03 09:46:34', '2020-11-03 09:46:34');
INSERT INTO `maps` (`id`, `name`, `official_compitition`, `created_at`, `updated_at`) VALUES ('2', 'Mirage', 1, '2020-11-03 09:46:34', '2020-11-03 09:46:34');
INSERT INTO `maps` (`id`, `name`, `official_compitition`, `created_at`, `updated_at`) VALUES ('3', 'Vertigo', 1, '2020-11-03 09:46:34', '2020-11-03 09:46:34');
INSERT INTO `maps` (`id`, `name`, `official_compitition`, `created_at`, `updated_at`) VALUES ('4', 'Cash', 0, '2020-11-03 09:46:34', '2020-11-03 09:46:34');
INSERT INTO `maps` (`id`, `name`, `official_compitition`, `created_at`, `updated_at`) VALUES ('5', 'Inferno', 1, '2020-11-03 09:46:34', '2020-11-03 09:46:34');
INSERT INTO `maps` (`id`, `name`, `official_compitition`, `created_at`, `updated_at`) VALUES ('6', 'Overpass', 0, '2020-11-03 09:46:34', '2020-11-03 09:46:34');
INSERT INTO `maps` (`id`, `name`, `official_compitition`, `created_at`, `updated_at`) VALUES ('7', 'Coblstone', 0, '2020-11-03 09:46:34', '2020-11-03 09:46:34');
INSERT INTO `maps` (`id`, `name`, `official_compitition`, `created_at`, `updated_at`) VALUES ('8', 'Nuke', 1, '2020-11-03 09:46:34', '2020-11-03 09:46:34');
INSERT INTO `maps` (`id`, `name`, `official_compitition`, `created_at`, `updated_at`) VALUES ('9', 'Lake', 0, '2020-11-03 09:46:34', '2020-11-03 09:46:34');
INSERT INTO `maps` (`id`, `name`, `official_compitition`, `created_at`, `updated_at`) VALUES ('10', 'ShortDust', 0, '2020-11-03 09:46:34', '2020-11-03 09:46:34');

INSERT INTO `users_activity` (`id`, `user_id`, `map_id`, `game_time`, `win`) VALUES ('1', '21', '1', '1974-01-11 16:04:10', 2);
INSERT INTO `users_activity` (`id`, `user_id`, `map_id`, `game_time`, `win`) VALUES ('2', '22', '2', '1978-07-05 09:56:55', 4);
INSERT INTO `users_activity` (`id`, `user_id`, `map_id`, `game_time`, `win`) VALUES ('3', '23', '3', '2012-09-22 15:36:36', 3);
INSERT INTO `users_activity` (`id`, `user_id`, `map_id`, `game_time`, `win`) VALUES ('4', '24', '4', '2005-11-15 22:48:05', 0);
INSERT INTO `users_activity` (`id`, `user_id`, `map_id`, `game_time`, `win`) VALUES ('5', '25', '5', '2000-01-03 06:56:19', 8);
INSERT INTO `users_activity` (`id`, `user_id`, `map_id`, `game_time`, `win`) VALUES ('6', '26', '6', '2007-10-05 05:41:42', 4);
INSERT INTO `users_activity` (`id`, `user_id`, `map_id`, `game_time`, `win`) VALUES ('7', '28', '7', '2012-04-13 14:32:15', 6);
INSERT INTO `users_activity` (`id`, `user_id`, `map_id`, `game_time`, `win`) VALUES ('8', '29', '8', '2011-07-02 21:51:35', 6);
INSERT INTO `users_activity` (`id`, `user_id`, `map_id`, `game_time`, `win`) VALUES ('9', '32', '9', '2017-10-01 18:22:40', 4);
INSERT INTO `users_activity` (`id`, `user_id`, `map_id`, `game_time`, `win`) VALUES ('10', '33', '10', '1991-05-20 10:08:39', 9);
INSERT INTO `users_activity` (`id`, `user_id`, `map_id`, `game_time`, `win`) VALUES ('11', '34', '1', '1983-06-12 00:21:51', 2);
INSERT INTO `users_activity` (`id`, `user_id`, `map_id`, `game_time`, `win`) VALUES ('12', '35', '2', '2010-03-03 22:01:20', 7);
INSERT INTO `users_activity` (`id`, `user_id`, `map_id`, `game_time`, `win`) VALUES ('13', '36', '3', '1988-09-18 02:09:17', 2);
INSERT INTO `users_activity` (`id`, `user_id`, `map_id`, `game_time`, `win`) VALUES ('14', '39', '4', '1978-05-09 04:48:27', 5);
INSERT INTO `users_activity` (`id`, `user_id`, `map_id`, `game_time`, `win`) VALUES ('15', '40', '5', '1992-01-16 19:48:41', 5);
INSERT INTO `users_activity` (`id`, `user_id`, `map_id`, `game_time`, `win`) VALUES ('16', '21', '6', '1974-08-28 17:41:01', 9);
INSERT INTO `users_activity` (`id`, `user_id`, `map_id`, `game_time`, `win`) VALUES ('17', '22', '7', '1991-05-19 19:25:57', 0);
INSERT INTO `users_activity` (`id`, `user_id`, `map_id`, `game_time`, `win`) VALUES ('18', '23', '8', '2017-12-29 14:51:38', 8);
INSERT INTO `users_activity` (`id`, `user_id`, `map_id`, `game_time`, `win`) VALUES ('19', '24', '9', '2014-09-22 03:09:38', 1);
INSERT INTO `users_activity` (`id`, `user_id`, `map_id`, `game_time`, `win`) VALUES ('20', '25', '10', '1995-09-09 09:50:37', 5);
INSERT INTO `users_activity` (`id`, `user_id`, `map_id`, `game_time`, `win`) VALUES ('21', '26', '1', '2011-12-21 04:12:03', 3);
INSERT INTO `users_activity` (`id`, `user_id`, `map_id`, `game_time`, `win`) VALUES ('22', '28', '2', '1993-08-07 02:37:36', 7);
INSERT INTO `users_activity` (`id`, `user_id`, `map_id`, `game_time`, `win`) VALUES ('23', '29', '3', '2014-07-19 19:08:47', 8);
INSERT INTO `users_activity` (`id`, `user_id`, `map_id`, `game_time`, `win`) VALUES ('24', '32', '4', '1971-01-12 04:11:29', 8);
INSERT INTO `users_activity` (`id`, `user_id`, `map_id`, `game_time`, `win`) VALUES ('25', '33', '5', '2009-02-22 23:34:34', 1);
INSERT INTO `users_activity` (`id`, `user_id`, `map_id`, `game_time`, `win`) VALUES ('26', '34', '6', '1981-03-23 12:26:17', 9);
INSERT INTO `users_activity` (`id`, `user_id`, `map_id`, `game_time`, `win`) VALUES ('27', '35', '7', '2016-05-22 08:19:06', 6);
INSERT INTO `users_activity` (`id`, `user_id`, `map_id`, `game_time`, `win`) VALUES ('28', '36', '8', '2014-06-06 02:31:17', 6);
INSERT INTO `users_activity` (`id`, `user_id`, `map_id`, `game_time`, `win`) VALUES ('29', '39', '9', '1974-12-05 21:38:04', 1);
INSERT INTO `users_activity` (`id`, `user_id`, `map_id`, `game_time`, `win`) VALUES ('30', '40', '10', '1971-01-26 07:30:52', 9);
INSERT INTO `users_activity` (`id`, `user_id`, `map_id`, `game_time`, `win`) VALUES ('31', '21', '1', '2020-03-10 00:02:34', 9);
INSERT INTO `users_activity` (`id`, `user_id`, `map_id`, `game_time`, `win`) VALUES ('32', '22', '2', '1996-01-06 04:53:14', 7);
INSERT INTO `users_activity` (`id`, `user_id`, `map_id`, `game_time`, `win`) VALUES ('33', '23', '3', '1974-09-18 13:14:24', 3);
INSERT INTO `users_activity` (`id`, `user_id`, `map_id`, `game_time`, `win`) VALUES ('34', '24', '4', '1981-12-26 20:50:24', 7);
INSERT INTO `users_activity` (`id`, `user_id`, `map_id`, `game_time`, `win`) VALUES ('35', '25', '5', '2010-03-07 05:58:03', 7);
INSERT INTO `users_activity` (`id`, `user_id`, `map_id`, `game_time`, `win`) VALUES ('36', '26', '6', '1986-04-22 07:50:01', 4);
INSERT INTO `users_activity` (`id`, `user_id`, `map_id`, `game_time`, `win`) VALUES ('37', '28', '7', '1995-09-10 04:11:29', 0);
INSERT INTO `users_activity` (`id`, `user_id`, `map_id`, `game_time`, `win`) VALUES ('38', '29', '8', '1981-08-11 08:54:31', 5);
INSERT INTO `users_activity` (`id`, `user_id`, `map_id`, `game_time`, `win`) VALUES ('39', '32', '9', '1973-02-03 05:53:19', 4);
INSERT INTO `users_activity` (`id`, `user_id`, `map_id`, `game_time`, `win`) VALUES ('40', '33', '10', '1987-02-14 01:04:47', 6);

INSERT INTO `user_referals` (`id`, `user_id`, `referal_id`, `registered_at`) VALUES ('1', '21', '25', '1974-11-30 08:34:00');
INSERT INTO `user_referals` (`id`, `user_id`, `referal_id`, `registered_at`) VALUES ('2', '21', '26', '1999-04-28 12:25:51');
INSERT INTO `user_referals` (`id`, `user_id`, `referal_id`, `registered_at`) VALUES ('4', '23', '28', '1997-07-12 04:53:19');
INSERT INTO `user_referals` (`id`, `user_id`, `referal_id`, `registered_at`) VALUES ('5', '23', '29', '1979-04-30 11:41:59');
INSERT INTO `user_referals` (`id`, `user_id`, `referal_id`, `registered_at`) VALUES ('6', '23', '32', '2015-04-02 15:31:10');
INSERT INTO `user_referals` (`id`, `user_id`, `referal_id`, `registered_at`) VALUES ('7', '23', '22', '2004-06-11 16:55:12');

INSERT INTO `guns_type` (`id`, `name`) VALUES ('1', 'Pistol');
INSERT INTO `guns_type` (`id`, `name`) VALUES ('2', 'Snipers');
INSERT INTO `guns_type` (`id`, `name`) VALUES ('3', 'ShotGun');
INSERT INTO `guns_type` (`id`, `name`) VALUES ('4', 'rifles');

INSERT INTO `guns` (`id`, `name`, `type_id`, `used_by_terrorists`, `used_by_counter_terrorists`) VALUES ('1', 'Deagle', '1', 1, 1);
INSERT INTO `guns` (`id`, `name`, `type_id`, `used_by_terrorists`, `used_by_counter_terrorists`) VALUES ('2', 'AWP', '2', 1, 1);
INSERT INTO `guns` (`id`, `name`, `type_id`, `used_by_terrorists`, `used_by_counter_terrorists`) VALUES ('3', 'Mag-7', '3', 0, 1);
INSERT INTO `guns` (`id`, `name`, `type_id`, `used_by_terrorists`, `used_by_counter_terrorists`) VALUES ('4', 'AK-47', '4', 1, 0);
INSERT INTO `guns` (`id`, `name`, `type_id`, `used_by_terrorists`, `used_by_counter_terrorists`) VALUES ('5', 'USP-S', '1', 0, 1);
INSERT INTO `guns` (`id`, `name`, `type_id`, `used_by_terrorists`, `used_by_counter_terrorists`) VALUES ('6', 'SSG-08', '2', 1, 1);
INSERT INTO `guns` (`id`, `name`, `type_id`, `used_by_terrorists`, `used_by_counter_terrorists`) VALUES ('7', 'XM2000', '3', 1, 1);
INSERT INTO `guns` (`id`, `name`, `type_id`, `used_by_terrorists`, `used_by_counter_terrorists`) VALUES ('8', 'M4A1', '4', 0, 1);
INSERT INTO `guns` (`id`, `name`, `type_id`, `used_by_terrorists`, `used_by_counter_terrorists`) VALUES ('9', 'Five-Seven', '1', 0, 1);
INSERT INTO `guns` (`id`, `name`, `type_id`, `used_by_terrorists`, `used_by_counter_terrorists`) VALUES ('10', 'SCAR-10', '2', 0, 1);
INSERT INTO `guns` (`id`, `name`, `type_id`, `used_by_terrorists`, `used_by_counter_terrorists`) VALUES ('11', 'Nova', '3', 1, 1);
INSERT INTO `guns` (`id`, `name`, `type_id`, `used_by_terrorists`, `used_by_counter_terrorists`) VALUES ('12', 'Famas', '4', 0, 1);
INSERT INTO `guns` (`id`, `name`, `type_id`, `used_by_terrorists`, `used_by_counter_terrorists`) VALUES ('13', 'Tec-9', '1', 1, 0);
INSERT INTO `guns` (`id`, `name`, `type_id`, `used_by_terrorists`, `used_by_counter_terrorists`) VALUES ('14', 'Auto-Snip', '2', 1, 0);
INSERT INTO `guns` (`id`, `name`, `type_id`, `used_by_terrorists`, `used_by_counter_terrorists`) VALUES ('15', 'ShotGUUN', '3', 1, 0);

INSERT INTO `gun_sets` (`id`, `gun_price`, `gun_id`, `damage_body`, `damage_head`, `damage_hands_feet`, `accuracy_in_running`, `accuracy_staying`, `accuracy_in_air`, `accuracy_in_zoom`, `shoot_speed`, `recharging_speed`) VALUES ('1', 5224, '1', 93, 24, 8, 21, 34, 58, 36, 37, 42);
INSERT INTO `gun_sets` (`id`, `gun_price`, `gun_id`, `damage_body`, `damage_head`, `damage_hands_feet`, `accuracy_in_running`, `accuracy_staying`, `accuracy_in_air`, `accuracy_in_zoom`, `shoot_speed`, `recharging_speed`) VALUES ('2', 993, '2', 90, 89, 50, 38, 88, 49, 2, 41, 33);
INSERT INTO `gun_sets` (`id`, `gun_price`, `gun_id`, `damage_body`, `damage_head`, `damage_hands_feet`, `accuracy_in_running`, `accuracy_staying`, `accuracy_in_air`, `accuracy_in_zoom`, `shoot_speed`, `recharging_speed`) VALUES ('3', 3697, '3', 26, 10, 67, 34, 98, 69, 84, 13, 27);
INSERT INTO `gun_sets` (`id`, `gun_price`, `gun_id`, `damage_body`, `damage_head`, `damage_hands_feet`, `accuracy_in_running`, `accuracy_staying`, `accuracy_in_air`, `accuracy_in_zoom`, `shoot_speed`, `recharging_speed`) VALUES ('4', 4161, '4', 59, 84, 100, 77, 35, 42, 27, 19, 27);
INSERT INTO `gun_sets` (`id`, `gun_price`, `gun_id`, `damage_body`, `damage_head`, `damage_hands_feet`, `accuracy_in_running`, `accuracy_staying`, `accuracy_in_air`, `accuracy_in_zoom`, `shoot_speed`, `recharging_speed`) VALUES ('5', 1076, '5', 50, 100, 47, 67, 41, 41, 27, 38, 44);
INSERT INTO `gun_sets` (`id`, `gun_price`, `gun_id`, `damage_body`, `damage_head`, `damage_hands_feet`, `accuracy_in_running`, `accuracy_staying`, `accuracy_in_air`, `accuracy_in_zoom`, `shoot_speed`, `recharging_speed`) VALUES ('6', 964, '6', 24, 24, 12, 92, 79, 31, 24, 71, 54);
INSERT INTO `gun_sets` (`id`, `gun_price`, `gun_id`, `damage_body`, `damage_head`, `damage_hands_feet`, `accuracy_in_running`, `accuracy_staying`, `accuracy_in_air`, `accuracy_in_zoom`, `shoot_speed`, `recharging_speed`) VALUES ('7', 2157, '7', 22, 90, 44, 8, 86, 86, 23, 39, 92);
INSERT INTO `gun_sets` (`id`, `gun_price`, `gun_id`, `damage_body`, `damage_head`, `damage_hands_feet`, `accuracy_in_running`, `accuracy_staying`, `accuracy_in_air`, `accuracy_in_zoom`, `shoot_speed`, `recharging_speed`) VALUES ('8', 6717, '8', 1, 44, 7, 56, 74, 98, 95, 83, 80);
INSERT INTO `gun_sets` (`id`, `gun_price`, `gun_id`, `damage_body`, `damage_head`, `damage_hands_feet`, `accuracy_in_running`, `accuracy_staying`, `accuracy_in_air`, `accuracy_in_zoom`, `shoot_speed`, `recharging_speed`) VALUES ('9', 2832, '9', 46, 8, 14, 21, 96, 20, 74, 1, 34);
INSERT INTO `gun_sets` (`id`, `gun_price`, `gun_id`, `damage_body`, `damage_head`, `damage_hands_feet`, `accuracy_in_running`, `accuracy_staying`, `accuracy_in_air`, `accuracy_in_zoom`, `shoot_speed`, `recharging_speed`) VALUES ('10', 2273, '10', 67, 84, 65, 75, 11, 70, 84, 43, 31);
INSERT INTO `gun_sets` (`id`, `gun_price`, `gun_id`, `damage_body`, `damage_head`, `damage_hands_feet`, `accuracy_in_running`, `accuracy_staying`, `accuracy_in_air`, `accuracy_in_zoom`, `shoot_speed`, `recharging_speed`) VALUES ('11', 381, '11', 33, 40, 37, 63, 96, 86, 31, 45, 35);
INSERT INTO `gun_sets` (`id`, `gun_price`, `gun_id`, `damage_body`, `damage_head`, `damage_hands_feet`, `accuracy_in_running`, `accuracy_staying`, `accuracy_in_air`, `accuracy_in_zoom`, `shoot_speed`, `recharging_speed`) VALUES ('12', 6540, '12', 60, 42, 29, 63, 14, 72, 4, 82, 45);
INSERT INTO `gun_sets` (`id`, `gun_price`, `gun_id`, `damage_body`, `damage_head`, `damage_hands_feet`, `accuracy_in_running`, `accuracy_staying`, `accuracy_in_air`, `accuracy_in_zoom`, `shoot_speed`, `recharging_speed`) VALUES ('13', 6397, '13', 100, 39, 18, 67, 28, 25, 11, 27, 5);
INSERT INTO `gun_sets` (`id`, `gun_price`, `gun_id`, `damage_body`, `damage_head`, `damage_hands_feet`, `accuracy_in_running`, `accuracy_staying`, `accuracy_in_air`, `accuracy_in_zoom`, `shoot_speed`, `recharging_speed`) VALUES ('14', 137, '14', 13, 18, 98, 18, 17, 39, 81, 16, 98);
INSERT INTO `gun_sets` (`id`, `gun_price`, `gun_id`, `damage_body`, `damage_head`, `damage_hands_feet`, `accuracy_in_running`, `accuracy_staying`, `accuracy_in_air`, `accuracy_in_zoom`, `shoot_speed`, `recharging_speed`) VALUES ('15', 6043, '15', 98, 40, 36, 3, 56, 82, 84, 100, 78);

INSERT INTO `shop_catalogs` (`id`, `name`) VALUES ('1', 'Gun_Skin');
INSERT INTO `shop_catalogs` (`id`, `name`) VALUES ('2', 'Body_Skin');
INSERT INTO `shop_catalogs` (`id`, `name`) VALUES ('3', 'Stickers');
INSERT INTO `shop_catalogs` (`id`, `name`) VALUES ('4', 'Knifes');

INSERT INTO `shop_products` (`id`, `name`, `desription`, `price`, `catalog_id`, `created_at`, `updated_at`) VALUES ('1', 'adipisci', 'Iure enim vitae voluptatem. Voluptatibus non ducimus autem repellendus. Veniam omnis consequatur dolor et aliquid soluta nesciunt. Praesentium dicta ut et aut minima voluptatem et.', '2819.71', '1', '2020-11-03 09:58:07', '2020-11-03 09:58:07');
INSERT INTO `shop_products` (`id`, `name`, `desription`, `price`, `catalog_id`, `created_at`, `updated_at`) VALUES ('2', 'cumque', 'Et et eum laudantium vitae nobis reprehenderit enim harum. Sapiente temporibus delectus aut architecto. Occaecati eum qui repellat quidem voluptate ratione.', '0.00', '2', '2020-11-03 09:58:07', '2020-11-03 09:58:07');
INSERT INTO `shop_products` (`id`, `name`, `desription`, `price`, `catalog_id`, `created_at`, `updated_at`) VALUES ('3', 'quae', 'In recusandae quia est hic repellendus cum. Facilis velit est beatae inventore.\nSit facilis voluptatem assumenda id suscipit animi. Optio eos voluptatem et fugiat quod voluptas incidunt.', '3223191.65', '3', '2020-11-03 09:58:07', '2020-11-03 09:58:07');
INSERT INTO `shop_products` (`id`, `name`, `desription`, `price`, `catalog_id`, `created_at`, `updated_at`) VALUES ('4', 'veritatis', 'Soluta aut sit hic in vero inventore vel. Voluptas deleniti quibusdam veniam ducimus molestias similique vel. Tempore amet tempore ipsam sint in et. Sed praesentium in illum est.', '0.00', '4', '2020-11-03 09:58:07', '2020-11-03 09:58:07');
INSERT INTO `shop_products` (`id`, `name`, `desription`, `price`, `catalog_id`, `created_at`, `updated_at`) VALUES ('5', 'nihil', 'Provident velit voluptatem blanditiis impedit. Voluptatem et dolorum qui repellat maiores ad. Consequatur aut aliquam quibusdam quos similique quo.', '446836.10', '1', '2020-11-03 09:58:07', '2020-11-03 09:58:07');
INSERT INTO `shop_products` (`id`, `name`, `desription`, `price`, `catalog_id`, `created_at`, `updated_at`) VALUES ('6', 'quia', 'Sed doloremque dolorem enim et dolores velit. Vel a laudantium nihil consequatur quo. Voluptatum quia enim eos dicta ut totam molestiae laboriosam. Ut totam eos quo harum.', '505691655.00', '2', '2020-11-03 09:58:07', '2020-11-03 09:58:07');
INSERT INTO `shop_products` (`id`, `name`, `desription`, `price`, `catalog_id`, `created_at`, `updated_at`) VALUES ('7', 'numquam', 'Libero ad voluptatem incidunt in molestias et. Vitae consequatur voluptatem culpa omnis alias cumque. Dolores est harum incidunt natus.', '4421.14', '3', '2020-11-03 09:58:07', '2020-11-03 09:58:07');
INSERT INTO `shop_products` (`id`, `name`, `desription`, `price`, `catalog_id`, `created_at`, `updated_at`) VALUES ('8', 'magni', 'Culpa provident consequuntur et nisi ut rerum. Aut illo voluptatum suscipit. Quo recusandae accusantium aut saepe debitis itaque. Cupiditate dolores distinctio rerum sed voluptates numquam.', '22574768.59', '4', '2020-11-03 09:58:07', '2020-11-03 09:58:07');
INSERT INTO `shop_products` (`id`, `name`, `desription`, `price`, `catalog_id`, `created_at`, `updated_at`) VALUES ('9', 'aut', 'Cupiditate velit animi accusamus tenetur ab. Earum dolorem quis quaerat odit. Voluptas vero perferendis voluptate esse error rem architecto. Consequatur et qui ducimus facere.', '96502507.76', '1', '2020-11-03 09:58:07', '2020-11-03 09:58:07');
INSERT INTO `shop_products` (`id`, `name`, `desription`, `price`, `catalog_id`, `created_at`, `updated_at`) VALUES ('10', 'consectetur', 'Asperiores maiores ut impedit. Aspernatur maiores eum deserunt in unde saepe eum facere. Aut fugit velit suscipit. Sed et sunt qui sit nemo est praesentium laboriosam.', '75518.33', '2', '2020-11-03 09:58:07', '2020-11-03 09:58:07');
INSERT INTO `shop_products` (`id`, `name`, `desription`, `price`, `catalog_id`, `created_at`, `updated_at`) VALUES ('11', 'unde', 'Iure repellat quibusdam enim maiores ratione. Tempora omnis dignissimos quia sint omnis sunt. Et qui autem dolorem voluptate qui iusto sunt tempora.', '0.00', '3', '2020-11-03 09:58:07', '2020-11-03 09:58:07');
INSERT INTO `shop_products` (`id`, `name`, `desription`, `price`, `catalog_id`, `created_at`, `updated_at`) VALUES ('12', 'quia', 'Neque voluptas sed aperiam odio illo nemo assumenda unde. Cum aut doloremque et vel neque non. Est ut repellat rerum corrupti quae.', '78219011.00', '4', '2020-11-03 09:58:07', '2020-11-03 09:58:07');
INSERT INTO `shop_products` (`id`, `name`, `desription`, `price`, `catalog_id`, `created_at`, `updated_at`) VALUES ('13', 'et', 'Deleniti et voluptatem doloremque quasi eum ab voluptatem. Recusandae consectetur earum voluptas corrupti vel eum minus. Et aut distinctio id sunt. Voluptas omnis rem quia nostrum non deleniti magni.', '373131393.94', '1', '2020-11-03 09:58:07', '2020-11-03 09:58:07');
INSERT INTO `shop_products` (`id`, `name`, `desription`, `price`, `catalog_id`, `created_at`, `updated_at`) VALUES ('14', 'et', 'Maxime voluptatem sed commodi molestiae. Aspernatur adipisci soluta eum laudantium veritatis. Nam rerum consectetur odit vero sint rem excepturi omnis. Nulla quis iusto itaque dignissimos.', '990.26', '2', '2020-11-03 09:58:07', '2020-11-03 09:58:07');
INSERT INTO `shop_products` (`id`, `name`, `desription`, `price`, `catalog_id`, `created_at`, `updated_at`) VALUES ('15', 'quae', 'Non incidunt atque qui explicabo. Et magni deleniti minus sed. Aut nihil quis occaecati impedit atque ea. Rerum magnam dignissimos laudantium rem temporibus architecto sed.', '8.24', '3', '2020-11-03 09:58:07', '2020-11-03 09:58:07');
INSERT INTO `shop_products` (`id`, `name`, `desription`, `price`, `catalog_id`, `created_at`, `updated_at`) VALUES ('16', 'consequatur', 'Nam magnam fugit non accusamus beatae tempore. Vel necessitatibus quidem libero voluptatem est porro ut. Error assumenda cum eveniet eligendi a. Assumenda nam et esse vel voluptatem.', '464680.09', '4', '2020-11-03 09:58:07', '2020-11-03 09:58:07');
INSERT INTO `shop_products` (`id`, `name`, `desription`, `price`, `catalog_id`, `created_at`, `updated_at`) VALUES ('17', 'doloribus', 'Sed officiis fugiat ut. Aliquid laboriosam earum explicabo nesciunt doloribus. Velit quia rem mollitia. Ex est quae qui.', '1464.01', '1', '2020-11-03 09:58:07', '2020-11-03 09:58:07');
INSERT INTO `shop_products` (`id`, `name`, `desription`, `price`, `catalog_id`, `created_at`, `updated_at`) VALUES ('18', 'sint', 'Est molestiae possimus sint illo delectus iure. Vel repellat sunt rerum in corrupti autem. Quasi nam distinctio aut.', '80298802.00', '2', '2020-11-03 09:58:07', '2020-11-03 09:58:07');
INSERT INTO `shop_products` (`id`, `name`, `desription`, `price`, `catalog_id`, `created_at`, `updated_at`) VALUES ('19', 'cupiditate', 'Non provident corrupti sunt dolores dolor sed. Voluptatum dolorem qui cupiditate earum id sit et. Quo magni beatae ut eaque.', '0.00', '3', '2020-11-03 09:58:07', '2020-11-03 09:58:07');
INSERT INTO `shop_products` (`id`, `name`, `desription`, `price`, `catalog_id`, `created_at`, `updated_at`) VALUES ('20', 'et', 'Natus quidem culpa similique voluptatem voluptatibus. In adipisci eaque cumque laborum fugiat. Doloremque nobis aliquam rerum omnis. Dicta temporibus quo modi dolore quas.', '36134.58', '4', '2020-11-03 09:58:07', '2020-11-03 09:58:07');

INSERT INTO `user_inventory` (`id`, `user_id`, `catalog_id`, `products_id`, `add_at`) VALUES ('1', '21', '1', '1', '1995-07-07 19:25:08');
INSERT INTO `user_inventory` (`id`, `user_id`, `catalog_id`, `products_id`, `add_at`) VALUES ('2', '22', '2', '2', '1992-11-09 05:17:13');
INSERT INTO `user_inventory` (`id`, `user_id`, `catalog_id`, `products_id`, `add_at`) VALUES ('3', '23', '3', '3', '1979-02-11 16:41:32');
INSERT INTO `user_inventory` (`id`, `user_id`, `catalog_id`, `products_id`, `add_at`) VALUES ('4', '24', '4', '4', '1984-10-06 21:10:57');
INSERT INTO `user_inventory` (`id`, `user_id`, `catalog_id`, `products_id`, `add_at`) VALUES ('5', '25', '1', '5', '1978-10-31 19:16:04');
INSERT INTO `user_inventory` (`id`, `user_id`, `catalog_id`, `products_id`, `add_at`) VALUES ('6', '26', '2', '6', '1990-05-04 15:46:00');
INSERT INTO `user_inventory` (`id`, `user_id`, `catalog_id`, `products_id`, `add_at`) VALUES ('7', '28', '3', '7', '1972-06-08 15:24:06');
INSERT INTO `user_inventory` (`id`, `user_id`, `catalog_id`, `products_id`, `add_at`) VALUES ('8', '29', '4', '8', '1990-06-28 17:38:14');
INSERT INTO `user_inventory` (`id`, `user_id`, `catalog_id`, `products_id`, `add_at`) VALUES ('9', '32', '1', '9', '2014-03-23 01:12:56');
INSERT INTO `user_inventory` (`id`, `user_id`, `catalog_id`, `products_id`, `add_at`) VALUES ('10', '33', '2', '10', '1995-12-13 08:05:26');
INSERT INTO `user_inventory` (`id`, `user_id`, `catalog_id`, `products_id`, `add_at`) VALUES ('11', '34', '3', '11', '1982-10-14 16:58:19');
INSERT INTO `user_inventory` (`id`, `user_id`, `catalog_id`, `products_id`, `add_at`) VALUES ('12', '35', '4', '12', '2017-01-29 16:53:23');
INSERT INTO `user_inventory` (`id`, `user_id`, `catalog_id`, `products_id`, `add_at`) VALUES ('13', '36', '1', '13', '1990-06-06 13:17:46');
INSERT INTO `user_inventory` (`id`, `user_id`, `catalog_id`, `products_id`, `add_at`) VALUES ('14', '39', '2', '14', '1985-02-17 11:32:07');
INSERT INTO `user_inventory` (`id`, `user_id`, `catalog_id`, `products_id`, `add_at`) VALUES ('15', '40', '3', '15', '1981-06-05 12:38:08');
INSERT INTO `user_inventory` (`id`, `user_id`, `catalog_id`, `products_id`, `add_at`) VALUES ('16', '21', '4', '16', '2019-05-29 22:53:30');
INSERT INTO `user_inventory` (`id`, `user_id`, `catalog_id`, `products_id`, `add_at`) VALUES ('17', '22', '1', '17', '1985-02-16 07:54:31');
INSERT INTO `user_inventory` (`id`, `user_id`, `catalog_id`, `products_id`, `add_at`) VALUES ('18', '23', '2', '18', '1983-11-22 04:36:33');
INSERT INTO `user_inventory` (`id`, `user_id`, `catalog_id`, `products_id`, `add_at`) VALUES ('19', '24', '3', '19', '1988-11-23 00:37:28');
INSERT INTO `user_inventory` (`id`, `user_id`, `catalog_id`, `products_id`, `add_at`) VALUES ('20', '25', '4', '20', '2010-10-25 09:01:37');
INSERT INTO `user_inventory` (`id`, `user_id`, `catalog_id`, `products_id`, `add_at`) VALUES ('21', '26', '1', '1', '1998-08-01 12:43:33');
INSERT INTO `user_inventory` (`id`, `user_id`, `catalog_id`, `products_id`, `add_at`) VALUES ('22', '28', '2', '2', '2019-09-06 09:06:54');
INSERT INTO `user_inventory` (`id`, `user_id`, `catalog_id`, `products_id`, `add_at`) VALUES ('23', '29', '3', '3', '2015-08-16 15:59:31');
INSERT INTO `user_inventory` (`id`, `user_id`, `catalog_id`, `products_id`, `add_at`) VALUES ('24', '32', '4', '4', '2012-02-08 12:17:42');
INSERT INTO `user_inventory` (`id`, `user_id`, `catalog_id`, `products_id`, `add_at`) VALUES ('25', '33', '1', '5', '2018-09-24 00:25:59');
INSERT INTO `user_inventory` (`id`, `user_id`, `catalog_id`, `products_id`, `add_at`) VALUES ('26', '34', '2', '6', '2005-04-11 11:48:05');
INSERT INTO `user_inventory` (`id`, `user_id`, `catalog_id`, `products_id`, `add_at`) VALUES ('27', '35', '3', '7', '1979-09-21 10:17:39');
INSERT INTO `user_inventory` (`id`, `user_id`, `catalog_id`, `products_id`, `add_at`) VALUES ('28', '36', '4', '8', '1988-06-11 23:14:48');
INSERT INTO `user_inventory` (`id`, `user_id`, `catalog_id`, `products_id`, `add_at`) VALUES ('29', '39', '1', '9', '1977-08-03 12:55:30');
INSERT INTO `user_inventory` (`id`, `user_id`, `catalog_id`, `products_id`, `add_at`) VALUES ('30', '40', '2', '10', '2015-05-18 15:14:59');
INSERT INTO `user_inventory` (`id`, `user_id`, `catalog_id`, `products_id`, `add_at`) VALUES ('31', '21', '3', '11', '1970-12-17 20:04:20');
INSERT INTO `user_inventory` (`id`, `user_id`, `catalog_id`, `products_id`, `add_at`) VALUES ('32', '22', '4', '12', '1992-08-11 16:51:06');
INSERT INTO `user_inventory` (`id`, `user_id`, `catalog_id`, `products_id`, `add_at`) VALUES ('33', '23', '1', '13', '1996-06-23 17:23:31');
INSERT INTO `user_inventory` (`id`, `user_id`, `catalog_id`, `products_id`, `add_at`) VALUES ('34', '24', '2', '14', '2013-08-15 23:56:48');
INSERT INTO `user_inventory` (`id`, `user_id`, `catalog_id`, `products_id`, `add_at`) VALUES ('35', '25', '3', '15', '1995-10-07 14:08:38');
INSERT INTO `user_inventory` (`id`, `user_id`, `catalog_id`, `products_id`, `add_at`) VALUES ('36', '26', '4', '16', '1989-04-18 05:38:08');
INSERT INTO `user_inventory` (`id`, `user_id`, `catalog_id`, `products_id`, `add_at`) VALUES ('37', '28', '1', '17', '2005-04-24 00:32:30');
INSERT INTO `user_inventory` (`id`, `user_id`, `catalog_id`, `products_id`, `add_at`) VALUES ('38', '29', '2', '18', '2019-10-10 12:17:10');
INSERT INTO `user_inventory` (`id`, `user_id`, `catalog_id`, `products_id`, `add_at`) VALUES ('39', '32', '3', '19', '2005-10-13 01:22:54');
INSERT INTO `user_inventory` (`id`, `user_id`, `catalog_id`, `products_id`, `add_at`) VALUES ('40', '33', '4', '20', '1995-10-08 09:30:47');
INSERT INTO `user_inventory` (`id`, `user_id`, `catalog_id`, `products_id`, `add_at`) VALUES ('41', '34', '1', '1', '2013-04-20 19:19:27');
INSERT INTO `user_inventory` (`id`, `user_id`, `catalog_id`, `products_id`, `add_at`) VALUES ('42', '35', '2', '2', '1989-02-23 08:11:15');
INSERT INTO `user_inventory` (`id`, `user_id`, `catalog_id`, `products_id`, `add_at`) VALUES ('43', '36', '3', '3', '1986-12-08 04:51:57');
INSERT INTO `user_inventory` (`id`, `user_id`, `catalog_id`, `products_id`, `add_at`) VALUES ('44', '39', '4', '4', '1996-02-15 00:29:46');
INSERT INTO `user_inventory` (`id`, `user_id`, `catalog_id`, `products_id`, `add_at`) VALUES ('45', '40', '1', '5', '1994-09-22 17:02:50');
INSERT INTO `user_inventory` (`id`, `user_id`, `catalog_id`, `products_id`, `add_at`) VALUES ('46', '21', '2', '6', '2015-05-11 22:10:59');
INSERT INTO `user_inventory` (`id`, `user_id`, `catalog_id`, `products_id`, `add_at`) VALUES ('47', '22', '3', '7', '2010-08-11 00:09:58');
INSERT INTO `user_inventory` (`id`, `user_id`, `catalog_id`, `products_id`, `add_at`) VALUES ('48', '23', '4', '8', '2004-01-22 11:03:33');
INSERT INTO `user_inventory` (`id`, `user_id`, `catalog_id`, `products_id`, `add_at`) VALUES ('49', '24', '1', '9', '2008-08-06 20:58:32');
INSERT INTO `user_inventory` (`id`, `user_id`, `catalog_id`, `products_id`, `add_at`) VALUES ('50', '25', '2', '10', '1990-02-04 17:57:49');
